{"cameraMode":{"drawMode":0,"name":"Shaded","section":"Shading Mode"},"sceneLighting":false,"audioPlay":false,"sceneViewState":{"m_AlwaysRefresh":false,"showFog":false,"showSkybox":false,"showFlares":false,"showImageEffects":false,"showParticleSystems":false,"showVisualEffectGraphs":true,"m_FxEnabled":true},"in2DMode":false,"pivot":{"x":0.031731605529785159,"y":1.5294512510299683,"z":0.15723711252212525},"rotation":{"x":-0.2740510106086731,"y":0.036627963185310367,"z":-0.01044570840895176,"w":-0.9609614014625549},"size":2.6262357234954836,"orthographic":false}